Blocked URL,Error Message
https://didattica.unibocconi.eu/ts/tsn_anteprima.php?cod_ins=30488&anno=2023&IdPag=6916,cannot access local variable 'alio' where it is not associated with a value
https://didattica.unibocconi.eu/ts/tsn_anteprima.php?cod_ins=20130&anno=2023&IdPag=6916,cannot access local variable 'mission' where it is not associated with a value
https://didattica.unibocconi.eu/ts/tsn_anteprima.php?cod_ins=30058&anno=2023&IdPag=6916,cannot access local variable 'mission' where it is not associated with a value
https://didattica.unibocconi.eu/ts/tsn_anteprima.php?cod_ins=20655&anno=2023&IdPag=6916,cannot access local variable 'mission' where it is not associated with a value
https://didattica.unibocconi.eu/ts/tsn_anteprima.php?cod_ins=50248&anno=2023&IdPag=6916,cannot access local variable 'alio' where it is not associated with a value
https://didattica.unibocconi.eu/ts/tsn_anteprima.php?cod_ins=20553&anno=2023&IdPag=6916,cannot access local variable 'mission' where it is not associated with a value
https://didattica.unibocconi.eu/ts/tsn_anteprima.php?cod_ins=30526&anno=2023&IdPag=6916,cannot access local variable 'mission' where it is not associated with a value
https://didattica.unibocconi.eu/ts/tsn_anteprima.php?cod_ins=30055&anno=2023&IdPag=6916,cannot access local variable 'mission' where it is not associated with a value
https://didattica.unibocconi.eu/ts/tsn_anteprima.php?cod_ins=30596&anno=2023&IdPag=6916,cannot access local variable 'mission' where it is not associated with a value
https://didattica.unibocconi.eu/ts/tsn_anteprima.php?cod_ins=20657&anno=2023&IdPag=6916,cannot access local variable 'mission' where it is not associated with a value
https://didattica.unibocconi.eu/ts/tsn_anteprima.php?cod_ins=50257&anno=2023&IdPag=6916,cannot access local variable 'mission' where it is not associated with a value
https://didattica.unibocconi.eu/ts/tsn_anteprima.php?cod_ins=30565&anno=2023&IdPag=6916,cannot access local variable 'mission' where it is not associated with a value
https://didattica.unibocconi.eu/ts/tsn_anteprima.php?cod_ins=30589&anno=2023&IdPag=6916,cannot access local variable 'mission' where it is not associated with a value
https://didattica.unibocconi.eu/ts/tsn_anteprima.php?cod_ins=50211&anno=2023&IdPag=6916,cannot access local variable 'mission' where it is not associated with a value
https://didattica.unibocconi.eu/ts/tsn_anteprima.php?cod_ins=30196&anno=2023&IdPag=6916,cannot access local variable 'mission' where it is not associated with a value
https://didattica.unibocconi.eu/ts/tsn_anteprima.php?cod_ins=50261&anno=2023&IdPag=6916,cannot access local variable 'mission' where it is not associated with a value
https://didattica.unibocconi.eu/ts/tsn_anteprima.php?cod_ins=20737&anno=2023&IdPag=6916,cannot access local variable 'mission' where it is not associated with a value
https://didattica.unibocconi.eu/ts/tsn_anteprima.php?cod_ins=30578&anno=2023&IdPag=6916,cannot access local variable 'mission' where it is not associated with a value
https://didattica.unibocconi.eu/ts/tsn_anteprima.php?cod_ins=50253&anno=2023&IdPag=6916,cannot access local variable 'mission' where it is not associated with a value
https://didattica.unibocconi.eu/ts/tsn_anteprima.php?cod_ins=20505&anno=2023&IdPag=6916,cannot access local variable 'mission' where it is not associated with a value
https://didattica.unibocconi.eu/ts/tsn_anteprima.php?cod_ins=30315&anno=2023&IdPag=6916,cannot access local variable 'mission' where it is not associated with a value
https://didattica.unibocconi.eu/ts/tsn_anteprima.php?cod_ins=50168&anno=2023&IdPag=6916,cannot access local variable 'mission' where it is not associated with a value
https://didattica.unibocconi.eu/ts/tsn_anteprima.php?cod_ins=20738&anno=2023&IdPag=6916,cannot access local variable 'mission' where it is not associated with a value
https://didattica.unibocconi.eu/ts/tsn_anteprima.php?cod_ins=30579&anno=2023&IdPag=6916,cannot access local variable 'mission' where it is not associated with a value
https://didattica.unibocconi.eu/ts/tsn_anteprima.php?cod_ins=50254&anno=2023&IdPag=6916,cannot access local variable 'mission' where it is not associated with a value
https://didattica.unibocconi.eu/ts/tsn_anteprima.php?cod_ins=20736&anno=2023&IdPag=6916,cannot access local variable 'mission' where it is not associated with a value
https://didattica.unibocconi.eu/ts/tsn_anteprima.php?cod_ins=30577&anno=2023&IdPag=6916,cannot access local variable 'mission' where it is not associated with a value
https://didattica.unibocconi.eu/ts/tsn_anteprima.php?cod_ins=50252&anno=2023&IdPag=6916,cannot access local variable 'mission' where it is not associated with a value
https://didattica.unibocconi.eu/ts/tsn_anteprima.php?cod_ins=20415&anno=2023&IdPag=6916,cannot access local variable 'mission' where it is not associated with a value
https://didattica.unibocconi.eu/ts/tsn_anteprima.php?cod_ins=30238&anno=2023&IdPag=6916,cannot access local variable 'mission' where it is not associated with a value
https://didattica.unibocconi.eu/ts/tsn_anteprima.php?cod_ins=50190&anno=2023&IdPag=6916,cannot access local variable 'mission' where it is not associated with a value
https://didattica.unibocconi.eu/ts/tsn_anteprima.php?cod_ins=20513&anno=2023&IdPag=6916,cannot access local variable 'mission' where it is not associated with a value
https://didattica.unibocconi.eu/ts/tsn_anteprima.php?cod_ins=30487&anno=2023&IdPag=6916,cannot access local variable 'mission' where it is not associated with a value
https://didattica.unibocconi.eu/ts/tsn_anteprima.php?cod_ins=20612&anno=2023&IdPag=6916,cannot access local variable 'mission' where it is not associated with a value
https://didattica.unibocconi.eu/ts/tsn_anteprima.php?cod_ins=20613&anno=2023&IdPag=6916,cannot access local variable 'mission' where it is not associated with a value
https://didattica.unibocconi.eu/ts/tsn_anteprima.php?cod_ins=30483&anno=2023&IdPag=6916,cannot access local variable 'mission' where it is not associated with a value
https://didattica.unibocconi.eu/ts/tsn_anteprima.php?cod_ins=20631&anno=2023&IdPag=6916,cannot access local variable 'mission' where it is not associated with a value
https://didattica.unibocconi.eu/ts/tsn_anteprima.php?cod_ins=30444&anno=2023&IdPag=6916,cannot access local variable 'mission' where it is not associated with a value
https://didattica.unibocconi.eu/ts/tsn_anteprima.php?cod_ins=30161&anno=2023&IdPag=6916,cannot access local variable 'mission' where it is not associated with a value
https://didattica.unibocconi.eu/ts/tsn_anteprima.php?cod_ins=20226&anno=2023&IdPag=6916,cannot access local variable 'mission' where it is not associated with a value
https://didattica.unibocconi.eu/ts/tsn_anteprima.php?cod_ins=50205&anno=2023&IdPag=6916,cannot access local variable 'mission' where it is not associated with a value
https://didattica.unibocconi.eu/ts/tsn_anteprima.php?cod_ins=20826&anno=2023&IdPag=6916,cannot access local variable 'mission' where it is not associated with a value
https://didattica.unibocconi.eu/ts/tsn_anteprima.php?cod_ins=30186&anno=2023&IdPag=6916,cannot access local variable 'mission' where it is not associated with a value
